<?xml version='1.0' encoding='UTF-8'?>  
<!DOCTYPE hibernate-mapping PUBLIC  
"-//Hibernate/Hibernate Mapping DTD 3.0//EN"  
"http://hibernate.sourceforge.net/hibernate-mapping-3.0.dtd">  
  
<hibernate-mapping>  
<class name="com.restful.model.User" table="userinfo">  
          <id name="userid" column="userid">  
          <generator class="assigned"></generator>  
          </id>  
            
          <property name="email" column="email"></property>
          <property name="pass" column="pass"></property>
           
</class>  
            
</hibernate-mapping>  