<beans xmlns="http://www.springframework.org/schema/beans"  
 xmlns:context="http://www.springframework.org/schema/context"  
 xmlns:mvc="http://www.springframework.org/schema/mvc" xmlns:xsi="http://www.w3.org/2001/XMLSchema-instance"  
 xsi:schemaLocation=" http://www.springframework.org/schema/beans http://www.springframework.org/schema/beans/spring-beans-3.0.xsd http://www.springframework.org/schema/context   
        http://www.springframework.org/schema/context/spring-context-3.0.xsd http://www.springframework.org/schema/mvc http://www.springframework.org/schema/mvc/spring-mvc-3.0.xsd">
 
 <!-- Enables the Spring MVC @Controller programming model -->
  	<mvc:annotation-driven />


	<!-- Resolves views selected for rendering by @Controllers to .jsp resources 
		in the /WEB-INF/views directory -->
		<bean
		class="org.springframework.web.servlet.view.InternalResourceViewResolver">
		<property name="prefix" value="/" />
		<property name="suffix" value=".jsp" />
		</bean>
   
   		<bean id="myDataSource" class="org.springframework.jdbc.datasource.DriverManagerDataSource">  
        <property name="driverClassName"  value="com.mysql.jdbc.Driver"></property>  
        <property name="url" value="jdbc:mysql://localhost:3306/springrest"></property>
        <property name="username" value="root"></property>  
        <property name="password" value="root"></property>
    	</bean> 
      
    <bean id="mySessionFactory"  class="org.springframework.orm.hibernate3.LocalSessionFactoryBean">  
        <property name="dataSource" ref="myDataSource"></property>  
          
         <property name="mappingResources">  
        <list>  
        <value>user.hbm.xml</value>
        <value>country.hbm.xml</value>  
        </list>  
        </property>
        
    <!-- <property name="configLocation" value="classpath:hibernate.cfg.xml" /> -->
        
          
         <property name="hibernateProperties">  
       
         <props>  
                <prop key="hibernate.dialect">org.hibernate.dialect.MySQLDialect</prop>
                <prop key="hibernate.hbm2ddl.auto">update</prop>
                <prop key="hibernate.show_sql">true</prop>  
                  
            </props>
        </property> 
    </bean>  
      
    <bean id="template" class="org.springframework.orm.hibernate3.HibernateTemplate">  
    <property name="sessionFactory" ref="mySessionFactory"></property>  
    </bean>  
      
    <bean id="userDAO" class="com.restful.dao.UserDAO">
    <property name="template" ref="template"></property>
    </bean>
     
     <bean id="countryDAO" class="com.restful.dao.orm.CountryDAOImpl">
    <property name="template" ref="template"></property>
    </bean> 
  
  <context:component-scan base-package="com.restful" />
 
  
</beans> 